"id";"cliente_fk";"tipo_conta";"saldo"
1;1;"Conta Corr";6102.441669
2;2;"Conta Corr";2358.713631
3;2;"Conta Poup";1091.606547
4;3;"Conta Corr";9730.103608
5;3;"Conta Poup";7452.981905
6;4;"Conta Corr";3452.373709
7;4;"Conta Poup";5474.915864
8;5;"Conta Corr";1040.543483
9;5;"Conta Poup";1684.789424
10;6;"Conta Poup";16105.17016
11;7;"Conta Corr";3765.522381
12;7;"Conta Poup";9890.088162
13;8;"Conta Poup";13027.90093
14;9;"Conta Corr";8184.281581
15;9;"Conta Poup";6626.585208
16;10;"Conta Corr";11232.3365
17;11;"Conta Poup";11675.65033
18;12;"Conta Corr";8571.870227
19;12;"Conta Poup";2999.179211
20;13;"Conta Corr";1228.181665
21;13;"Conta Poup";8537.233622
22;14;"Conta Poup";5472.522091
23;15;"Conta Poup";14851.30876
24;16;"Conta Corr";814.4953437
25;17;"Conta Corr";3639.976012
26;17;"Conta Poup";6487.369917
27;18;"Conta Poup";10022.85442
28;19;"Conta Poup";11474.90088
29;20;"Conta Corr";9562.135736
30;21;"Conta Corr";8703.126978
31;21;"Conta Poup";8804.913829
32;22;"Conta Poup";4139.378977
33;23;"Conta Corr";3513.689343
34;23;"Conta Poup";6935.084161
35;24;"Conta Corr";4025.54573
36;25;"Conta Corr";1026.94012
37;25;"Conta Poup";2899.838938
38;26;"Conta Corr";10078.32265
39;27;"Conta Corr";9828.421762
40;27;"Conta Poup";4459.686451
41;28;"Conta Corr";8202.677235
42;29;"Conta Poup";14157.91758
43;30;"Conta Corr";9270.810093
44;30;"Conta Poup";4509.48356
45;31;"Conta Corr";4761.392645
46;31;"Conta Poup";9154.664399
47;32;"Conta Poup";9884.667742
48;33;"Conta Corr";450.0750445
49;33;"Conta Poup";3682.960742
50;34;"Conta Corr";7695.51993
51;34;"Conta Poup";8270.444775
52;35;"Conta Poup";10492.19705
53;36;"Conta Corr";5494.57868
54;36;"Conta Poup";2065.567998
55;37;"Conta Corr";4211.247291
56;37;"Conta Poup";9134.009136
57;38;"Conta Corr";84.98066156
58;38;"Conta Poup";9666.85286
59;39;"Conta Poup";8747.005813
60;40;"Conta Poup";8501.51744
61;41;"Conta Corr";1722.387656
62;41;"Conta Poup";3478.043561
63;42;"Conta Poup";10425.13817
64;43;"Conta Corr";9155.186442
65;43;"Conta Poup";1210.538559
66;44;"Conta Corr";2797.882222
67;44;"Conta Poup";8810.971032
68;45;"Conta Corr";13659.21953
69;46;"Conta Corr";19439.8211
70;47;"Conta Corr";456.2849634
71;47;"Conta Poup";590.9979039
72;48;"Conta Corr";8157.458696
73;49;"Conta Corr";9476.520206
74;49;"Conta Poup";1637.736066
75;50;"Conta Poup";15020.09866
76;51;"Conta Corr";5559.01697
77;51;"Conta Poup";6313.933948
78;52;"Conta Corr";5840.681774
79;52;"Conta Poup";5643.609876
80;53;"Conta Corr";14793.90497
81;54;"Conta Poup";15531.74458
82;55;"Conta Corr";6291.830179
83;55;"Conta Poup";502.3106944
84;56;"Conta Poup";6568.649258
85;57;"Conta Poup";11489.63036
86;58;"Conta Poup";9963.018934
87;59;"Conta Poup";17463.55285
88;60;"Conta Corr";13509.25712
89;61;"Conta Corr";193.9809697
90;61;"Conta Poup";4399.262703
91;62;"Conta Corr";8937.567226
92;62;"Conta Poup";8433.333297
93;63;"Conta Corr";2711.253021
94;64;"Conta Corr";7703.026974
95;65;"Conta Corr";1696.228167
96;65;"Conta Poup";420.1790231
97;66;"Conta Poup";7778.614993
98;67;"Conta Corr";15220.45526
99;68;"Conta Corr";5998.322054
100;68;"Conta Poup";4282.659031
101;69;"Conta Corr";8226.136793
102;69;"Conta Poup";796.1003112
103;70;"Conta Corr";9303.404812
104;70;"Conta Poup";7721.978685
105;71;"Conta Corr";634.1776792
106;71;"Conta Poup";741.3824985
107;72;"Conta Poup";14585.34365
108;73;"Conta Corr";9619.546088
109;74;"Conta Corr";14381.89031
110;75;"Conta Corr";567.0170769
111;76;"Conta Corr";6953.518688
112;77;"Conta Corr";8093.639899
113;77;"Conta Poup";6303.967858
114;78;"Conta Poup";14806.06581
115;79;"Conta Corr";1057.66394
116;79;"Conta Poup";3648.249029
117;80;"Conta Poup";9769.597012
118;81;"Conta Corr";4067.439652
119;81;"Conta Poup";1862.249003
120;82;"Conta Corr";10827.44366
121;83;"Conta Corr";4607.155861
122;83;"Conta Poup";4394.832212
123;84;"Conta Poup";17013.05613
124;85;"Conta Corr";16577.40283
125;86;"Conta Corr";6576.336762
126;86;"Conta Poup";2913.197279
127;87;"Conta Corr";5715.002214
128;87;"Conta Poup";2117.704795
129;88;"Conta Poup";10295.61383
130;89;"Conta Corr";6641.333584
131;89;"Conta Poup";9119.431933
132;90;"Conta Corr";3691.649591
133;90;"Conta Poup";721.4986075
134;91;"Conta Corr";5110.552096
135;91;"Conta Poup";285.8227393
136;92;"Conta Corr";1218.939061
137;92;"Conta Poup";6964.011727
138;93;"Conta Corr";3105.942216
139;93;"Conta Poup";331.3152572
140;94;"Conta Poup";18701.79378
141;95;"Conta Corr";7348.667548
142;95;"Conta Poup";2552.019759
143;96;"Conta Corr";7779.280255
144;96;"Conta Poup";974.0203528
145;97;"Conta Corr";2990.731899
146;97;"Conta Poup";3076.96661
147;98;"Conta Corr";9909.7215
148;98;"Conta Poup";9348.559017
149;99;"Conta Corr";6041.728433
150;99;"Conta Poup";5935.499835
151;100;"Conta Poup";10833.21963
152;101;"Conta Corr";1175.675871
153;101;"Conta Poup";9338.300267
154;102;"Conta Corr";17008.86599
155;103;"Conta Corr";3599.525252
156;103;"Conta Poup";6827.776347
157;104;"Conta Corr";9983.642425
158;104;"Conta Poup";3552.416585
159;105;"Conta Poup";11660.10713
160;106;"Conta Corr";8663.039418
161;107;"Conta Corr";6477.063264
162;108;"Conta Corr";764.5681786
163;108;"Conta Poup";7583.449919
164;109;"Conta Poup";8591.536786
165;110;"Conta Poup";8279.551654
166;111;"Conta Corr";13472.19244
167;112;"Conta Corr";12601.10809
168;113;"Conta Corr";8996.585393
169;113;"Conta Poup";343.4858206
170;114;"Conta Poup";11402.31983
171;115;"Conta Corr";13656.54037
172;116;"Conta Corr";6933.728289
173;116;"Conta Poup";7670.919634
174;117;"Conta Corr";2745.322609
175;117;"Conta Poup";8181.65068
176;118;"Conta Corr";6197.438295
177;118;"Conta Poup";1383.198588
178;119;"Conta Corr";9648.803066
179;120;"Conta Corr";1885.762917
180;120;"Conta Poup";1001.017867
181;121;"Conta Corr";12338.96113
182;122;"Conta Poup";14775.44516
183;123;"Conta Corr";11171.82344
184;124;"Conta Corr";13146.74952
185;125;"Conta Corr";1115.851988
186;125;"Conta Poup";9510.080346
187;126;"Conta Corr";279.2086039
188;126;"Conta Poup";7261.821462
189;127;"Conta Corr";5347.438385
190;127;"Conta Poup";4278.589156
191;128;"Conta Corr";3712.938028
192;128;"Conta Poup";9529.828741
193;129;"Conta Corr";8613.957714
194;129;"Conta Poup";3069.377215
195;130;"Conta Corr";6353.604869
196;130;"Conta Poup";1474.495169
197;131;"Conta Corr";8368.50373
198;131;"Conta Poup";6849.322567
199;132;"Conta Corr";6980.254749
200;132;"Conta Poup";6703.36398
201;133;"Conta Poup";2187.713244
202;134;"Conta Corr";7732.00597
203;135;"Conta Poup";3864.89444
204;136;"Conta Corr";2234.670774
205;136;"Conta Poup";9245.172481
206;137;"Conta Corr";12744.70684
207;138;"Conta Corr";5971.344591
208;138;"Conta Poup";8233.230072
209;139;"Conta Corr";5960.327173
210;139;"Conta Poup";786.1171098
211;140;"Conta Corr";511.5155111
212;140;"Conta Poup";8748.937947
213;141;"Conta Poup";5499.039189
214;142;"Conta Corr";3286.746083
215;142;"Conta Poup";3473.128664
216;143;"Conta Corr";16167.84957
217;144;"Conta Poup";8391.869752
218;145;"Conta Corr";7524.637345
219;145;"Conta Poup";8284.771716
220;146;"Conta Corr";4023.737564
221;147;"Conta Corr";4624.831581
222;147;"Conta Poup";7863.175208
223;148;"Conta Poup";8548.884358
224;149;"Conta Poup";6664.263965
225;150;"Conta Corr";9940.944657
226;150;"Conta Poup";8585.851301
227;151;"Conta Corr";17484.08013
228;152;"Conta Corr";4511.312737
229;152;"Conta Poup";3008.117686
230;153;"Conta Poup";7983.01283
231;154;"Conta Poup";4423.41668
232;155;"Conta Corr";10305.28584
233;156;"Conta Corr";8386.602993
234;156;"Conta Poup";1124.07987
235;157;"Conta Corr";9862.854965
236;158;"Conta Corr";7022.783796
237;159;"Conta Corr";12009.10454
238;160;"Conta Corr";5399.745775
239;160;"Conta Poup";2128.908363
240;161;"Conta Poup";4872.306598
241;162;"Conta Corr";10550.37486
242;163;"Conta Corr";421.3184237
243;163;"Conta Poup";6979.944464
244;164;"Conta Corr";6886.829793
245;164;"Conta Poup";7536.057284
246;165;"Conta Corr";9987.220746
247;165;"Conta Poup";1371.763627
248;166;"Conta Corr";1062.095233
249;166;"Conta Poup";6663.127579
250;167;"Conta Corr";5571.413912
251;167;"Conta Poup";9897.121526
252;168;"Conta Corr";3817.63346
253;168;"Conta Poup";4138.055345
254;169;"Conta Corr";5621.224091
255;169;"Conta Poup";1817.124342
256;170;"Conta Corr";3223.631768
257;171;"Conta Corr";13071.61819
258;172;"Conta Poup";14769.99123
259;173;"Conta Corr";5267.991569
260;173;"Conta Poup";5391.895661
261;174;"Conta Poup";8025.319293
262;175;"Conta Poup";10091.51516
263;176;"Conta Corr";7507.38963
264;176;"Conta Poup";8085.683391
265;177;"Conta Corr";8648.286213
266;177;"Conta Poup";1478.710822
267;178;"Conta Corr";4224.269382
268;178;"Conta Poup";1966.115996
269;179;"Conta Corr";10364.83278
270;180;"Conta Corr";12641.9716
271;181;"Conta Corr";15129.85006
272;182;"Conta Corr";4541.46431
273;182;"Conta Poup";1165.118159
274;183;"Conta Corr";9933.465309
275;183;"Conta Poup";2114.081166
276;184;"Conta Corr";8174.934342
277;184;"Conta Poup";3215.10298
278;185;"Conta Poup";15962.67439
279;186;"Conta Corr";5713.012093
280;186;"Conta Poup";4077.669205
281;187;"Conta Poup";14067.56721
282;188;"Conta Corr";9195.11861
283;189;"Conta Corr";3089.43696
284;189;"Conta Poup";5052.404153
285;190;"Conta Corr";6054.515516
286;191;"Conta Corr";6082.102349
287;191;"Conta Poup";5502.338052
288;192;"Conta Poup";2650.076005
289;193;"Conta Poup";12189.52003
290;194;"Conta Poup";11963.63058
291;195;"Conta Corr";1999.745431
292;196;"Conta Corr";14970.44132
293;197;"Conta Corr";9153.122364
294;197;"Conta Poup";7241.683158
295;198;"Conta Corr";4334.579309
296;198;"Conta Poup";7610.087773
297;199;"Conta Corr";3016.207453
298;199;"Conta Poup";2072.610294
299;200;"Conta Corr";6720.121934
300;200;"Conta Poup";4960.949322
301;201;"Conta Corr";8094.307077
302;201;"Conta Poup";6663.417403
303;202;"Conta Corr";7476.238396
304;202;"Conta Poup";7476.779643
305;203;"Conta Corr";9733.245823
306;203;"Conta Poup";1088.781548
307;204;"Conta Corr";12639.52832
308;205;"Conta Corr";6628.738581
309;206;"Conta Corr";9318.807611
310;206;"Conta Poup";674.2958839
311;207;"Conta Corr";7936.697581
312;207;"Conta Poup";9292.267313
313;208;"Conta Corr";8543.243507
314;208;"Conta Poup";9823.252096
315;209;"Conta Corr";255.4970441
316;209;"Conta Poup";1419.466122
317;210;"Conta Corr";5047.601007
318;211;"Conta Corr";7617.225644
319;212;"Conta Corr";1984.217927
320;212;"Conta Poup";2050.443166
321;213;"Conta Corr";9097.540751
322;213;"Conta Poup";6161.867197
323;214;"Conta Poup";15280.14351
324;215;"Conta Corr";5913.257122
325;215;"Conta Poup";7101.677103
326;216;"Conta Corr";6111.199828
327;216;"Conta Poup";6554.526382
328;217;"Conta Corr";577.2763264
329;217;"Conta Poup";2301.455263
330;218;"Conta Corr";13156.23154
331;219;"Conta Corr";6563.395874
332;219;"Conta Poup";4019.808127
333;220;"Conta Poup";9184.944947
334;221;"Conta Poup";11067.12557
335;222;"Conta Corr";9008.448195
336;222;"Conta Poup";5972.110469
337;223;"Conta Corr";12293.01477
338;224;"Conta Corr";4545.553083
339;224;"Conta Poup";4341.486264
340;225;"Conta Corr";550.2374432
341;225;"Conta Poup";1695.191193
342;226;"Conta Corr";9552.883016
343;226;"Conta Poup";7710.875264
344;227;"Conta Corr";11013.24109
345;228;"Conta Corr";710.6320822
346;228;"Conta Poup";6990.980691
347;229;"Conta Corr";6305.595421
348;230;"Conta Corr";4136.168477
349;230;"Conta Poup";8181.422441
350;231;"Conta Poup";10715.30528
351;232;"Conta Corr";12908.31341
352;233;"Conta Corr";16689.17709
353;234;"Conta Corr";6252.499508
354;234;"Conta Poup";5331.29862
355;235;"Conta Corr";3277.894634
356;235;"Conta Poup";8143.804952
357;236;"Conta Corr";8344.23732
358;236;"Conta Poup";8017.474804
359;237;"Conta Corr";3852.588245
360;237;"Conta Poup";6293.366798
361;238;"Conta Corr";11899.22501
362;239;"Conta Corr";10603.1802
363;240;"Conta Corr";1226.477514
364;240;"Conta Poup";4717.132401
365;241;"Conta Corr";3475.291969
366;241;"Conta Poup";7891.556287
367;242;"Conta Corr";7290.733514
368;242;"Conta Poup";5280.18926
369;243;"Conta Poup";12228.77274
370;244;"Conta Corr";3027.357366
371;244;"Conta Poup";2487.801956
372;245;"Conta Corr";1227.085058
373;245;"Conta Poup";7170.852983
374;246;"Conta Corr";9932.778298
375;247;"Conta Corr";2689.547208
376;247;"Conta Poup";9158.554448
377;248;"Conta Corr";1339.309795
378;248;"Conta Poup";1367.010375
379;249;"Conta Corr";5202.009732
380;249;"Conta Poup";9151.502723
381;250;"Conta Corr";3560.130808
382;250;"Conta Poup";3777.648078
383;251;"Conta Poup";13120.60297
384;252;"Conta Corr";7153.709898
385;252;"Conta Poup";1120.159616
386;253;"Conta Corr";8406.175494
387;253;"Conta Poup";7360.467371
388;254;"Conta Corr";2576.537345
389;255;"Conta Corr";3448.588783
390;255;"Conta Poup";9227.314655
391;256;"Conta Corr";15682.81136
392;257;"Conta Corr";7396.634699
393;257;"Conta Poup";9580.696202
394;258;"Conta Corr";8516.36318
395;258;"Conta Poup";2055.921824
396;259;"Conta Corr";9503.53892
397;259;"Conta Poup";5503.929605
398;260;"Conta Corr";9592.500507
399;260;"Conta Poup";3242.924897
400;261;"Conta Poup";5841.403299
401;262;"Conta Poup";3815.303862
402;263;"Conta Corr";7924.817916
403;264;"Conta Corr";597.2070293
404;264;"Conta Poup";14.13623618
405;265;"Conta Corr";1618.10915
406;265;"Conta Poup";7089.149901
407;266;"Conta Corr";13353.16591
408;267;"Conta Corr";6475.382688
409;267;"Conta Poup";6432.968686
410;268;"Conta Corr";4888.121969
411;268;"Conta Poup";9149.460329
412;269;"Conta Corr";5618.562688
413;269;"Conta Poup";1437.832952
414;270;"Conta Poup";9764.374014
415;271;"Conta Poup";11051.17031
416;272;"Conta Corr";14278.453
417;273;"Conta Corr";3118.783167
418;274;"Conta Corr";1905.595942
419;274;"Conta Poup";7036.24482
420;275;"Conta Corr";3783.887564
421;275;"Conta Poup";5830.073302
422;276;"Conta Poup";3910.261133
423;277;"Conta Poup";13833.15716
424;278;"Conta Corr";3415.759323
425;278;"Conta Poup";545.1969272
426;279;"Conta Poup";8453.864678
427;280;"Conta Corr";1113.201985
428;280;"Conta Poup";7030.901012
429;281;"Conta Poup";9515.127366
430;282;"Conta Corr";4689.688463
431;282;"Conta Poup";1543.111758
432;283;"Conta Corr";7020.376146
433;284;"Conta Poup";10398.67886
434;285;"Conta Corr";3708.618793
435;285;"Conta Poup";2116.450334
436;286;"Conta Poup";8409.506822
437;287;"Conta Corr";5668.76237
438;287;"Conta Poup";6492.951888
439;288;"Conta Corr";1713.72952
440;288;"Conta Poup";1832.995295
441;289;"Conta Poup";9741.873789
442;290;"Conta Corr";14732.15725
443;291;"Conta Corr";11829.70721
444;292;"Conta Poup";2139.819417
445;293;"Conta Corr";4655.021023
446;293;"Conta Poup";9162.88902
447;294;"Conta Corr";8348.797366
448;294;"Conta Poup";7461.295505
449;295;"Conta Corr";6374.585261
450;296;"Conta Corr";2837.43046
451;296;"Conta Poup";9173.660171
452;297;"Conta Corr";9735.629636
453;297;"Conta Poup";4370.335452
454;298;"Conta Poup";9338.043201
455;299;"Conta Corr";3535.759371
456;299;"Conta Poup";9397.767198
457;300;"Conta Corr";10499.06093
458;301;"Conta Corr";10449.25579
459;302;"Conta Corr";8432.825714
460;302;"Conta Poup";1460.698262
461;303;"Conta Poup";16247.53634
462;304;"Conta Poup";11931.15377
463;305;"Conta Corr";7947.374489
464;305;"Conta Poup";7243.593131
465;306;"Conta Corr";15456.73255
466;307;"Conta Corr";8791.015601
467;308;"Conta Corr";400.0042957
468;308;"Conta Poup";1463.304081
469;309;"Conta Corr";13429.86919
470;310;"Conta Corr";8818.84484
471;310;"Conta Poup";6392.742824
472;311;"Conta Corr";13397.30667
473;312;"Conta Corr";5353.926259
474;312;"Conta Poup";3982.847475
475;313;"Conta Corr";9704.40117
476;313;"Conta Poup";5728.024062
477;314;"Conta Corr";6615.67123
478;314;"Conta Poup";4153.753362
479;315;"Conta Corr";2869.098485
480;315;"Conta Poup";2455.733265
481;316;"Conta Corr";4649.223015
482;316;"Conta Poup";6162.698946
483;317;"Conta Corr";9398.3294
484;318;"Conta Corr";7806.608369
485;318;"Conta Poup";2867.794934
486;319;"Conta Poup";9249.390428
487;320;"Conta Corr";10094.44304
488;321;"Conta Poup";8045.59467
489;322;"Conta Corr";1038.616229
490;322;"Conta Poup";8164.230213
491;323;"Conta Corr";3104.175893
492;323;"Conta Poup";459.7726819
493;324;"Conta Corr";294.7181317
494;324;"Conta Poup";8817.518999
495;325;"Conta Corr";1419.22534
496;325;"Conta Poup";581.1558669
497;326;"Conta Corr";12091.07317
498;327;"Conta Corr";4413.868807
499;327;"Conta Poup";8862.356132
500;328;"Conta Corr";3235.399349
501;328;"Conta Poup";4964.121308
502;329;"Conta Corr";355.2321741
503;329;"Conta Poup";2024.665669
504;330;"Conta Poup";4107.596006
505;331;"Conta Corr";513.3056476
506;331;"Conta Poup";8827.18479
507;332;"Conta Corr";3474.383385
508;332;"Conta Poup";9223.913973
509;333;"Conta Corr";2266.714448
510;333;"Conta Poup";6797.198108
511;334;"Conta Corr";9326.791552
512;334;"Conta Poup";244.133871
513;335;"Conta Poup";10669.89094
514;336;"Conta Corr";5128.762699
515;336;"Conta Poup";4502.157544
516;337;"Conta Corr";7187.420351
517;337;"Conta Poup";9299.105161
518;338;"Conta Corr";18903.72473
519;339;"Conta Corr";5915.432666
520;339;"Conta Poup";5176.939597
521;340;"Conta Corr";9452.087478
522;340;"Conta Poup";7798.49087
523;341;"Conta Corr";2308.946437
524;341;"Conta Poup";6524.662664
525;342;"Conta Corr";4905.93498
526;342;"Conta Poup";3755.969657
527;343;"Conta Corr";840.2816737
528;343;"Conta Poup";8976.834235
529;344;"Conta Corr";2862.366582
530;344;"Conta Poup";8913.259545
531;345;"Conta Poup";10208.84585
532;346;"Conta Poup";9402.420382
533;347;"Conta Corr";13391.80021
534;348;"Conta Corr";5076.173056
535;348;"Conta Poup";6698.041517
536;349;"Conta Corr";4130.022075
537;349;"Conta Poup";8125.954493
538;350;"Conta Poup";9902.266065
539;351;"Conta Poup";1449.674121
540;352;"Conta Poup";6733.262288
541;353;"Conta Corr";6377.912733
542;353;"Conta Poup";2174.528329
543;354;"Conta Corr";2670.684735
544;354;"Conta Poup";2494.427675
545;355;"Conta Corr";22.31778774
546;355;"Conta Poup";6041.645375
547;356;"Conta Poup";7070.781395
548;357;"Conta Poup";14129.35126
549;358;"Conta Corr";8211.177186
550;358;"Conta Poup";3966.822538
551;359;"Conta Poup";13287.32461
552;360;"Conta Corr";1528.13631
553;360;"Conta Poup";4528.378238
554;361;"Conta Poup";18322.95262
555;362;"Conta Corr";17898.25103
556;363;"Conta Corr";4686.296148
557;363;"Conta Poup";527.926733
558;364;"Conta Corr";7176.138621
559;364;"Conta Poup";5549.189346
560;365;"Conta Poup";6051.195047
561;366;"Conta Corr";6235.448561
562;366;"Conta Poup";4581.185098
563;367;"Conta Poup";7808.827541
564;368;"Conta Poup";9884.902806
565;369;"Conta Poup";9906.714463
566;370;"Conta Corr";6744.996886
567;370;"Conta Poup";2182.225429
568;371;"Conta Corr";3123.390888
569;371;"Conta Poup";8151.663515
570;372;"Conta Corr";4038.54172
571;372;"Conta Poup";4374.926088
572;373;"Conta Corr";3935.571086
573;373;"Conta Poup";3830.215975
574;374;"Conta Poup";10995.89919
575;375;"Conta Corr";717.0709303
576;375;"Conta Poup";5921.735928
577;376;"Conta Corr";9678.37013
578;376;"Conta Poup";4836.252964
579;377;"Conta Poup";11910.53206
580;378;"Conta Corr";16203.98295
581;379;"Conta Poup";5097.360733
582;380;"Conta Poup";4781.582462
583;381;"Conta Poup";10120.11513
584;382;"Conta Corr";3353.353257
585;382;"Conta Poup";8268.223063
586;383;"Conta Corr";6520.237916
587;383;"Conta Poup";4638.371534
588;384;"Conta Corr";1005.217152
589;384;"Conta Poup";8852.215287
590;385;"Conta Poup";2310.265983
591;386;"Conta Poup";5977.668244
592;387;"Conta Corr";6569.324378
593;387;"Conta Poup";6240.070586
594;388;"Conta Corr";6832.059555
595;388;"Conta Poup";9477.286517
596;389;"Conta Corr";5722.768008
597;389;"Conta Poup";6273.757374
598;390;"Conta Poup";2060.126276
599;391;"Conta Corr";3704.530092
600;391;"Conta Poup";2983.707512
601;392;"Conta Corr";8022.18969
602;392;"Conta Poup";1896.656092
603;393;"Conta Corr";1320.069404
604;393;"Conta Poup";6405.368656
605;394;"Conta Poup";10941.73024
606;395;"Conta Corr";7144.581028
607;396;"Conta Corr";3534.317596
608;396;"Conta Poup";4580.663107
609;397;"Conta Corr";1273.554485
610;397;"Conta Poup";1366.072067
611;398;"Conta Corr";2564.399242
612;398;"Conta Poup";8259.46826
613;399;"Conta Corr";7162.476394
614;400;"Conta Poup";11747.45379
615;401;"Conta Corr";8621.837626
616;401;"Conta Poup";4122.929645
617;402;"Conta Corr";10400.39453
618;403;"Conta Corr";6724.222627
619;404;"Conta Corr";6211.807094
620;404;"Conta Poup";9572.368167
621;405;"Conta Corr";17857.6248
622;406;"Conta Poup";8279.745408
623;407;"Conta Poup";9716.758517
624;408;"Conta Corr";3729.950845
625;408;"Conta Poup";2790.912129
626;409;"Conta Corr";5838.82118
627;410;"Conta Poup";10172.79669
628;411;"Conta Corr";11449.76206
629;412;"Conta Poup";5695.014009
630;413;"Conta Poup";14775.57747
631;414;"Conta Poup";9414.886812
632;415;"Conta Corr";13976.76132
633;416;"Conta Corr";2373.653989
634;416;"Conta Poup";876.6704743
635;417;"Conta Corr";4860.451371
636;418;"Conta Corr";11079.8357
637;419;"Conta Poup";3572.123508
638;420;"Conta Corr";8300.949361
639;420;"Conta Poup";4586.523267
640;421;"Conta Corr";2916.39218
641;421;"Conta Poup";5066.104904
642;422;"Conta Corr";8837.369143
643;422;"Conta Poup";1046.410552
644;423;"Conta Corr";8580.930404
645;423;"Conta Poup";8169.906292
646;424;"Conta Poup";4693.747325
647;425;"Conta Corr";1262.847638
648;425;"Conta Poup";2691.26735
649;426;"Conta Corr";5614.182798
650;426;"Conta Poup";6528.794416
651;427;"Conta Corr";10021.04822
652;428;"Conta Corr";9647.383788
653;429;"Conta Corr";3943.538244
654;429;"Conta Poup";5909.376855
655;430;"Conta Poup";10282.86475
656;431;"Conta Corr";3679.863737
657;431;"Conta Poup";4670.586524
658;432;"Conta Poup";10066.86155
659;433;"Conta Corr";15703.23132
660;434;"Conta Corr";1463.883087
661;434;"Conta Poup";4463.414976
662;435;"Conta Corr";4341.262928
663;435;"Conta Poup";4253.074321
664;436;"Conta Corr";4483.52955
665;436;"Conta Poup";8184.221949
666;437;"Conta Corr";2798.798858
667;437;"Conta Poup";5340.593298
668;438;"Conta Corr";7501.145613
669;438;"Conta Poup";8928.05391
670;439;"Conta Corr";9751.415398
671;439;"Conta Poup";7079.363157
672;440;"Conta Corr";435.5457805
673;440;"Conta Poup";6095.900606
674;441;"Conta Corr";8538.03788
675;442;"Conta Corr";1073.727842
676;442;"Conta Poup";8618.051169
677;443;"Conta Poup";10156.42937
678;444;"Conta Corr";5174.381311
679;444;"Conta Poup";8429.38454
680;445;"Conta Poup";13349.1484
681;446;"Conta Corr";2154.827129
682;446;"Conta Poup";7457.682638
683;447;"Conta Corr";1736.948927
684;448;"Conta Poup";11104.38333
685;449;"Conta Corr";3563.7375
686;449;"Conta Poup";6681.041928
687;450;"Conta Corr";8112.646165
688;450;"Conta Poup";5233.025567
689;451;"Conta Poup";4816.839325
690;452;"Conta Corr";9555.26677
691;453;"Conta Corr";5516.749444
692;453;"Conta Poup";4943.199519
693;454;"Conta Poup";7200.08694
694;455;"Conta Corr";8266.087176
695;455;"Conta Poup";8214.14996
696;456;"Conta Corr";9141.952318
697;456;"Conta Poup";9924.302845
698;457;"Conta Corr";3123.270351
699;457;"Conta Poup";8922.779061
700;458;"Conta Corr";2980.418927
701;458;"Conta Poup";4204.914221
702;459;"Conta Corr";3741.993955
703;460;"Conta Poup";3569.69824
704;461;"Conta Poup";3209.196877
705;462;"Conta Corr";13559.27317
706;463;"Conta Corr";1671.887285
707;463;"Conta Poup";979.7666151
708;464;"Conta Corr";5807.664928
709;464;"Conta Poup";1053.124156
710;465;"Conta Corr";4378.770071
711;465;"Conta Poup";1196.617239
712;466;"Conta Corr";8552.135125
713;466;"Conta Poup";6904.726055
714;467;"Conta Corr";11456.94455
715;468;"Conta Corr";6518.385012
716;468;"Conta Poup";3361.495484
717;469;"Conta Corr";8223.230489
718;469;"Conta Poup";1710.54944
719;470;"Conta Corr";18211.48381
720;471;"Conta Corr";7628.077917
721;471;"Conta Poup";8685.879511
722;472;"Conta Corr";6883.490092
723;472;"Conta Poup";9802.855658
724;473;"Conta Corr";3522.124233
725;474;"Conta Corr";8469.243266
726;474;"Conta Poup";5667.302532
727;475;"Conta Corr";237.6991953
728;475;"Conta Poup";7939.93476
729;476;"Conta Corr";1972.771226
730;476;"Conta Poup";5608.605347
731;477;"Conta Corr";11633.30466
732;478;"Conta Corr";3348.671874
733;478;"Conta Poup";5402.211632
734;479;"Conta Poup";7352.379481
735;480;"Conta Corr";9801.661483
736;480;"Conta Poup";7750.374139
737;481;"Conta Corr";8257.175998
738;482;"Conta Poup";10294.97364
739;483;"Conta Corr";13182.80013
740;484;"Conta Corr";14599.86044
741;485;"Conta Poup";15706.47885
742;486;"Conta Corr";7840.889703
743;487;"Conta Corr";4339.005546
744;487;"Conta Poup";9414.158759
745;488;"Conta Corr";9394.249154
746;488;"Conta Poup";9097.463735
747;489;"Conta Corr";10781.7935
748;490;"Conta Corr";16023.47511
749;491;"Conta Corr";8905.984875
750;491;"Conta Poup";4919.810586
751;492;"Conta Corr";3560.65548
752;492;"Conta Poup";7235.973962
753;493;"Conta Corr";14031.34375
754;494;"Conta Poup";8590.907087
755;495;"Conta Poup";6682.592461
756;496;"Conta Corr";2645.468371
757;496;"Conta Poup";1982.610127
758;497;"Conta Corr";6234.598653
759;497;"Conta Poup";3097.834884
760;498;"Conta Poup";6472.641264
761;499;"Conta Corr";6869.536452
762;500;"Conta Corr";14992.04918
763;501;"Conta Corr";1139.384233
764;501;"Conta Poup";1409.50725
765;502;"Conta Poup";8547.180397
766;503;"Conta Poup";14824.68438
767;504;"Conta Corr";17012.48054
768;505;"Conta Corr";8561.912506
769;505;"Conta Poup";3166.45901
770;506;"Conta Poup";16337.04652
771;507;"Conta Corr";8815.82065
772;507;"Conta Poup";8655.369793
773;508;"Conta Corr";8787.704273
774;508;"Conta Poup";3755.973838
775;509;"Conta Corr";4384.80752
776;509;"Conta Poup";2307.996933
777;510;"Conta Poup";8288.169327
778;511;"Conta Poup";9295.540154
779;512;"Conta Corr";1827.273746
780;512;"Conta Poup";4083.324496
781;513;"Conta Corr";1510.166643
782;513;"Conta Poup";9944.89385
783;514;"Conta Poup";18569.87011
784;515;"Conta Corr";9859.895703
785;516;"Conta Poup";16713.01419
786;517;"Conta Corr";689.673152
787;517;"Conta Poup";1732.852791
788;518;"Conta Corr";435.0541675
789;518;"Conta Poup";3960.670052
790;519;"Conta Poup";11121.0156
791;520;"Conta Corr";2485.367699
792;520;"Conta Poup";2843.924494
793;521;"Conta Corr";5234.95715
794;521;"Conta Poup";3948.952664
795;522;"Conta Poup";11402.42403
796;523;"Conta Corr";8209.330342
797;523;"Conta Poup";8972.213926
798;524;"Conta Poup";7207.179215
799;525;"Conta Corr";3297.818718
800;525;"Conta Poup";4757.074547
801;526;"Conta Corr";8069.309977
802;526;"Conta Poup";8329.696274
803;527;"Conta Poup";11561.60454
804;528;"Conta Corr";14128.11214
805;529;"Conta Corr";9575.190984
806;529;"Conta Poup";3272.434574
807;530;"Conta Corr";2653.410723
808;530;"Conta Poup";4867.852572
809;531;"Conta Corr";10099.0475
810;532;"Conta Corr";11226.28941
811;533;"Conta Corr";792.330152
812;533;"Conta Poup";6666.543232
813;534;"Conta Corr";6040.793469
814;534;"Conta Poup";8598.511637
815;535;"Conta Poup";17453.54843
816;536;"Conta Corr";13085.28138
817;537;"Conta Corr";15307.98738
818;538;"Conta Poup";12280.40841
819;539;"Conta Corr";6111.700031
820;539;"Conta Poup";2299.050554
821;540;"Conta Corr";5.591449675
822;540;"Conta Poup";9012.645582
823;541;"Conta Corr";16769.23967
824;542;"Conta Corr";8883.573937
825;542;"Conta Poup";3058.181056
826;543;"Conta Corr";3105.772501
827;543;"Conta Poup";3938.927209
828;544;"Conta Corr";9613.849175
829;544;"Conta Poup";1486.681315
830;545;"Conta Corr";3993.452956
831;545;"Conta Poup";1887.98402
832;546;"Conta Poup";5630.754345
833;547;"Conta Poup";19315.74408
834;548;"Conta Corr";4499.852587
835;548;"Conta Poup";537.6748334
836;549;"Conta Corr";7037.249043
837;549;"Conta Poup";8878.664766
838;550;"Conta Poup";6584.115288
839;551;"Conta Corr";2626.970312
840;552;"Conta Corr";9392.760574
841;552;"Conta Poup";4504.843541
842;553;"Conta Corr";14757.20747
843;554;"Conta Poup";12860.26694
844;555;"Conta Poup";18018.0752
845;556;"Conta Poup";14385.19095
846;557;"Conta Poup";15270.95493
847;558;"Conta Corr";461.3193873
848;558;"Conta Poup";4231.269009
849;559;"Conta Corr";14179.62257
850;560;"Conta Corr";11880.18023
851;561;"Conta Corr";9373.465775
852;561;"Conta Poup";1118.723298
853;562;"Conta Corr";4162.846413
854;562;"Conta Poup";4428.101915
855;563;"Conta Corr";2645.249182
856;563;"Conta Poup";8780.765729
857;564;"Conta Corr";6463.235737
858;564;"Conta Poup";1652.320383
859;565;"Conta Corr";8953.344099
860;566;"Conta Corr";5495.593357
861;567;"Conta Corr";14311.62705
862;568;"Conta Corr";9693.511639
863;568;"Conta Poup";1403.348544
864;569;"Conta Corr";9714.824337
865;569;"Conta Poup";1162.47051
866;570;"Conta Corr";3960.331667
867;570;"Conta Poup";7328.844059
868;571;"Conta Corr";6218.826914
869;571;"Conta Poup";9499.655173
870;572;"Conta Corr";2037.862662
871;573;"Conta Corr";2684.613043
872;574;"Conta Corr";8306.855941
873;574;"Conta Poup";2617.873077
874;575;"Conta Corr";8256.792013
875;575;"Conta Poup";53.16110135
876;576;"Conta Corr";11330.15511
877;577;"Conta Corr";7430.958721
878;577;"Conta Poup";469.3664458
879;578;"Conta Corr";3558.089944
880;578;"Conta Poup";3373.733383
881;579;"Conta Corr";6133.179334
882;579;"Conta Poup";7382.839702
883;580;"Conta Corr";3462.959014
884;580;"Conta Poup";6739.368676
885;581;"Conta Corr";7093.102733
886;581;"Conta Poup";7298.575522
887;582;"Conta Corr";580.2867246
888;582;"Conta Poup";3086.91665
889;583;"Conta Corr";3640.831428
890;583;"Conta Poup";6896.596026
891;584;"Conta Corr";6478.144939
892;584;"Conta Poup";7720.647313
893;585;"Conta Corr";776.5341118
894;585;"Conta Poup";7517.560383
895;586;"Conta Poup";14420.86983
896;587;"Conta Poup";8850.753397
897;588;"Conta Corr";1974.056944
898;588;"Conta Poup";1639.412217
899;589;"Conta Corr";641.3239251
900;589;"Conta Poup";6218.868316
901;590;"Conta Poup";13167.4163
902;591;"Conta Corr";1490.544932
903;591;"Conta Poup";3730.366809
904;592;"Conta Poup";12057.74778
905;593;"Conta Poup";5289.484
906;594;"Conta Poup";6549.822428
907;595;"Conta Corr";6453.925889
908;595;"Conta Poup";7849.390108
909;596;"Conta Corr";13550.86066
910;597;"Conta Poup";17695.5101
911;598;"Conta Poup";4862.647758
912;599;"Conta Corr";5071.103179
913;599;"Conta Poup";4027.753263
914;600;"Conta Corr";7494.942871
915;600;"Conta Poup";4172.589854
916;601;"Conta Corr";7223.544483
917;602;"Conta Corr";2836.605681
918;602;"Conta Poup";4824.182088
919;603;"Conta Corr";11374.07511
920;604;"Conta Corr";4820.950887
921;605;"Conta Corr";978.1891584
922;605;"Conta Poup";3265.535663
923;606;"Conta Corr";3464.20206
924;606;"Conta Poup";106.6224424
925;607;"Conta Corr";6398.248864
926;607;"Conta Poup";1054.174321
927;608;"Conta Corr";8322.581425
928;608;"Conta Poup";3545.860861
929;609;"Conta Corr";2584.172505
930;609;"Conta Poup";7712.446812
931;610;"Conta Corr";973.5133666
932;610;"Conta Poup";1684.489433
933;611;"Conta Corr";5823.891324
934;611;"Conta Poup";656.8925834
935;612;"Conta Corr";5768.165862
936;612;"Conta Poup";1507.959815
937;613;"Conta Poup";9270.56118
938;614;"Conta Poup";9134.941428
939;615;"Conta Corr";8323.976116
940;616;"Conta Corr";7920.983951
941;616;"Conta Poup";9202.006235
942;617;"Conta Corr";6500.458607
943;617;"Conta Poup";5734.374009
944;618;"Conta Corr";9342.718453
945;618;"Conta Poup";1648.11568
946;619;"Conta Corr";8260.843503
947;620;"Conta Corr";11036.75513
948;621;"Conta Poup";7807.815324
949;622;"Conta Corr";6904.904356
950;622;"Conta Poup";5346.595389
951;623;"Conta Corr";6410.638812
952;623;"Conta Poup";1543.143673
953;624;"Conta Corr";8816.443993
954;625;"Conta Corr";4721.450761
955;625;"Conta Poup";206.8284687
956;626;"Conta Corr";3741.23621
957;627;"Conta Corr";6629.411226
958;628;"Conta Corr";5547.354822
959;628;"Conta Poup";2104.34388
960;629;"Conta Corr";4074.836209
961;630;"Conta Corr";3455.083172
962;630;"Conta Poup";6581.637307
963;631;"Conta Corr";3836.79698
964;631;"Conta Poup";2349.991676
965;632;"Conta Corr";8071.031381
966;632;"Conta Poup";7405.067848
967;633;"Conta Corr";4933.035592
968;634;"Conta Corr";868.4650682
969;634;"Conta Poup";4831.318503
970;635;"Conta Corr";6127.962252
971;636;"Conta Corr";4220.753304
972;636;"Conta Poup";1288.800832
973;637;"Conta Poup";7962.37007
974;638;"Conta Corr";4484.970762
975;638;"Conta Poup";6248.009751
976;639;"Conta Corr";2182.485398
977;639;"Conta Poup";493.8218762
978;640;"Conta Corr";9536.511125
979;641;"Conta Corr";4179.030096
980;641;"Conta Poup";2420.481378
981;642;"Conta Corr";11559.61265
982;643;"Conta Corr";11143.12872
983;644;"Conta Corr";4032.127963
984;644;"Conta Poup";6835.116276
985;645;"Conta Poup";6211.194569
986;646;"Conta Corr";11288.6072
987;647;"Conta Poup";11905.39721
988;648;"Conta Corr";8545.928853
989;649;"Conta Corr";10183.81579
990;650;"Conta Corr";8669.146062
991;651;"Conta Corr";606.9141956
992;652;"Conta Corr";12975.37681
993;653;"Conta Corr";7967.95205
994;654;"Conta Corr";9813.470074
995;654;"Conta Poup";514.5136913
996;655;"Conta Corr";6789.653084
997;656;"Conta Corr";9555.615398
998;656;"Conta Poup";4958.842213
999;657;"Conta Corr";3202.364063
1000;657;"Conta Poup";3667.53421
1001;658;"Conta Corr";6429.839868
1002;658;"Conta Poup";2819.805329
1003;659;"Conta Corr";8747.775155
1004;659;"Conta Poup";8813.67031
1005;660;"Conta Corr";2356.10766
1006;660;"Conta Poup";7678.354324
1007;661;"Conta Poup";9063.976294
1008;662;"Conta Poup";7325.354952
1009;663;"Conta Corr";7610.633264
1010;664;"Conta Corr";3597.178777
1011;664;"Conta Poup";6338.430975
1012;665;"Conta Corr";8753.707412
1013;665;"Conta Poup";5114.252919
1014;666;"Conta Corr";4238.547311
1015;666;"Conta Poup";8766.153831
1016;667;"Conta Corr";11817.33218
1017;668;"Conta Corr";7814.434373
1018;668;"Conta Poup";3177.691832
1019;669;"Conta Poup";13069.09698
1020;670;"Conta Corr";9085.424564
1021;671;"Conta Corr";521.2043366
1022;671;"Conta Poup";9466.661782
1023;672;"Conta Corr";1977.901242
1024;672;"Conta Poup";3612.46524
1025;673;"Conta Corr";10267.8143
1026;674;"Conta Corr";6904.207554
1027;674;"Conta Poup";9495.770349
1028;675;"Conta Corr";5933.157149
1029;675;"Conta Poup";9260.754919
1030;676;"Conta Corr";7647.005415
1031;676;"Conta Poup";7343.799279
1032;677;"Conta Corr";1563.181706
1033;677;"Conta Poup";1978.194934
1034;678;"Conta Corr";9603.776978
1035;679;"Conta Corr";12095.01241
1036;680;"Conta Corr";1128.948629
1037;680;"Conta Poup";647.6007627
1038;681;"Conta Corr";658.5047771
1039;681;"Conta Poup";7794.766238
1040;682;"Conta Corr";6190.806984
1041;683;"Conta Corr";17498.72528
1042;684;"Conta Corr";6056.04629
1043;684;"Conta Poup";2758.406334
1044;685;"Conta Corr";10032.2888
1045;686;"Conta Corr";1815.259985
1046;686;"Conta Poup";7325.78405
1047;687;"Conta Corr";15929.95699
1048;688;"Conta Corr";4189.37096
1049;689;"Conta Corr";144.1986557
1050;689;"Conta Poup";9066.3922
1051;690;"Conta Poup";3888.537902
1052;691;"Conta Corr";2952.465825
1053;691;"Conta Poup";1628.033385
1054;692;"Conta Corr";6596.276632
1055;692;"Conta Poup";6727.899304
1056;693;"Conta Corr";7652.803183
1057;693;"Conta Poup";8176.722439
1058;694;"Conta Corr";1029.629165
1059;694;"Conta Poup";4270.595371
1060;695;"Conta Corr";3512.669361
1061;695;"Conta Poup";2989.963336
1062;696;"Conta Corr";1873.856941
1063;696;"Conta Poup";9194.13235
1064;697;"Conta Corr";5008.605531
1065;697;"Conta Poup";7663.571375
1066;698;"Conta Corr";8596.236055
1067;698;"Conta Poup";6808.740585
1068;699;"Conta Poup";8548.327979
1069;700;"Conta Corr";17569.29643
1070;701;"Conta Corr";6637.000932
1071;701;"Conta Poup";4900.514261
1072;702;"Conta Corr";9181.777408
1073;702;"Conta Poup";464.2169975
1074;703;"Conta Poup";9653.784257
1075;704;"Conta Corr";4514.934288
1076;704;"Conta Poup";5680.513706
1077;705;"Conta Corr";4717.779574
1078;705;"Conta Poup";8555.556571
1079;706;"Conta Corr";3444.694322
1080;706;"Conta Poup";8421.303217
1081;707;"Conta Corr";8701.245368
1082;707;"Conta Poup";9672.652908
1083;708;"Conta Corr";13408.71067
1084;709;"Conta Corr";8602.205728
1085;710;"Conta Poup";6671.587972
1086;711;"Conta Poup";2602.402311
1087;712;"Conta Corr";1705.8123
1088;712;"Conta Poup";9669.564577
1089;713;"Conta Corr";6646.133378
1090;713;"Conta Poup";5712.54958
1091;714;"Conta Corr";10674.00161
1092;715;"Conta Corr";10404.22168
1093;716;"Conta Corr";3081.904814
1094;716;"Conta Poup";2465.618916
1095;717;"Conta Corr";3517.012307
1096;718;"Conta Corr";6061.175517
1097;719;"Conta Poup";9270.052467
1098;720;"Conta Corr";7784.411187
1099;720;"Conta Poup";4519.273026
1100;721;"Conta Corr";4511.641611
1101;721;"Conta Poup";6624.930684
1102;722;"Conta Corr";1942.278284
1103;722;"Conta Poup";4213.670964
1104;723;"Conta Poup";7224.493253
1105;724;"Conta Poup";12579.10883
1106;725;"Conta Corr";8724.074472
1107;726;"Conta Poup";8577.278582
1108;727;"Conta Corr";8547.208071
1109;728;"Conta Corr";7698.984765
1110;728;"Conta Poup";177.2270764
1111;729;"Conta Corr";3266.637973
1112;729;"Conta Poup";3449.235197
1113;730;"Conta Corr";2817.56301
1114;731;"Conta Corr";959.9364128
1115;731;"Conta Poup";643.9113011
1116;732;"Conta Corr";7363.027367
1117;733;"Conta Corr";8232.209658
1118;733;"Conta Poup";646.8842471
1119;734;"Conta Corr";5999.001907
1120;734;"Conta Poup";8197.572769
1121;735;"Conta Poup";11870.57787
1122;736;"Conta Poup";14269.16413
1123;737;"Conta Corr";12321.65495
1124;738;"Conta Corr";6000.164472
1125;738;"Conta Poup";4619.619417
1126;739;"Conta Corr";8155.267947
1127;739;"Conta Poup";1999.971845
1128;740;"Conta Corr";8182.505927
1129;740;"Conta Poup";8943.174304
1130;741;"Conta Corr";8190.704265
1131;742;"Conta Corr";4828.403379
1132;742;"Conta Poup";6874.009008
1133;743;"Conta Corr";4379.338419
1134;743;"Conta Poup";6799.783428
1135;744;"Conta Poup";6715.488122
1136;745;"Conta Corr";8019.151501
1137;745;"Conta Poup";7985.088902
1138;746;"Conta Poup";2712.748389
1139;747;"Conta Corr";7964.372919
1140;747;"Conta Poup";6944.106174
1141;748;"Conta Corr";1810.889271
1142;748;"Conta Poup";5342.980028
1143;749;"Conta Corr";1804.905099
1144;749;"Conta Poup";5979.17349
1145;750;"Conta Corr";3695.534027
1146;750;"Conta Poup";7016.99041
1147;751;"Conta Poup";11856.45159
1148;752;"Conta Corr";6187.807314
1149;752;"Conta Poup";4593.541912
1150;753;"Conta Poup";11240.82812
1151;754;"Conta Corr";5022.447639
1152;754;"Conta Poup";2621.139643
1153;755;"Conta Corr";263.1006882
1154;755;"Conta Poup";4715.67995
1155;756;"Conta Poup";8487.897565
1156;757;"Conta Corr";7218.791269
1157;757;"Conta Poup";6876.29667
1158;758;"Conta Corr";11559.64921
1159;759;"Conta Poup";4866.344279
1160;760;"Conta Corr";9740.435933
1161;761;"Conta Corr";9191.851079
1162;761;"Conta Poup";5494.281068
1163;762;"Conta Corr";8760.496258
1164;762;"Conta Poup";2337.589143
1165;763;"Conta Corr";8399.720847
1166;763;"Conta Poup";1847.450224
1167;764;"Conta Corr";16154.21763
1168;765;"Conta Corr";6522.075882
1169;765;"Conta Poup";9071.201406
1170;766;"Conta Corr";631.9844677
1171;767;"Conta Corr";8894.241013
1172;767;"Conta Poup";2069.486741
1173;768;"Conta Corr";6228.825958
1174;768;"Conta Poup";7399.031729
1175;769;"Conta Poup";8312.750612
1176;770;"Conta Poup";14973.65596
1177;771;"Conta Corr";3735.526111
1178;772;"Conta Poup";10445.04821
1179;773;"Conta Corr";13390.1978
1180;774;"Conta Poup";7104.515942
1181;775;"Conta Corr";6431.404571
1182;776;"Conta Corr";9719.078906
1183;777;"Conta Poup";11060.11065
1184;778;"Conta Corr";7481.525547
1185;778;"Conta Poup";2873.720147
1186;779;"Conta Poup";15041.19769
1187;780;"Conta Corr";1314.428929
1188;780;"Conta Poup";1571.813683
1189;781;"Conta Corr";4775.048612
1190;781;"Conta Poup";404.0471498
1191;782;"Conta Corr";1972.368593
1192;782;"Conta Poup";5803.192202
1193;783;"Conta Corr";8005.022046
1194;784;"Conta Corr";4304.658327
1195;784;"Conta Poup";7309.333345
1196;785;"Conta Corr";1028.720387
1197;785;"Conta Poup";9185.837694
1198;786;"Conta Corr";5074.113706
1199;786;"Conta Poup";1952.967022
1200;787;"Conta Corr";5428.183614
1201;787;"Conta Poup";9.661380334
1202;788;"Conta Poup";7530.896954
1203;789;"Conta Corr";13043.46006
1204;790;"Conta Corr";5143.646241
1205;790;"Conta Poup";3716.648597
1206;791;"Conta Corr";730.8990581
1207;791;"Conta Poup";4335.963768
1208;792;"Conta Poup";8338.252936
1209;793;"Conta Corr";17132.39511
1210;794;"Conta Corr";356.9408815
1211;794;"Conta Poup";6409.198999
1212;795;"Conta Corr";8399.13372
1213;796;"Conta Corr";8040.639947
1214;796;"Conta Poup";1018.325431
1215;797;"Conta Corr";7197.499493
1216;797;"Conta Poup";9584.528131
1217;798;"Conta Corr";1049.143896
1218;798;"Conta Poup";5835.180074
1219;799;"Conta Corr";287.115551
1220;799;"Conta Poup";9329.351107
1221;800;"Conta Corr";12617.43724
1222;801;"Conta Corr";9423.570033
1223;801;"Conta Poup";2707.070523
1224;802;"Conta Corr";1759.375534
1225;802;"Conta Poup";4763.290286
1226;803;"Conta Corr";65.60029856
1227;803;"Conta Poup";7542.265797
1228;804;"Conta Corr";5532.614383
1229;805;"Conta Corr";10134.95213
1230;806;"Conta Poup";10347.82916
1231;807;"Conta Corr";6567.539244
1232;807;"Conta Poup";7635.176421
1233;808;"Conta Corr";3867.34906
1234;808;"Conta Poup";1448.216082
1235;809;"Conta Corr";1029.838852
1236;809;"Conta Poup";238.0168335
1237;810;"Conta Corr";5713.216695
1238;811;"Conta Corr";6595.185298
1239;811;"Conta Poup";1700.041406
1240;812;"Conta Corr";17814.4704
1241;813;"Conta Poup";11390.99834
1242;814;"Conta Corr";11927.59441
1243;815;"Conta Corr";9258.681681
1244;816;"Conta Corr";9113.823739
1245;817;"Conta Corr";4759.980075
1246;817;"Conta Poup";886.8910326
1247;818;"Conta Corr";9645.285254
1248;818;"Conta Poup";3392.424314
1249;819;"Conta Poup";8835.019748
1250;820;"Conta Corr";15728.39973
1251;821;"Conta Corr";7037.241704
1252;822;"Conta Corr";5500.242184
1253;822;"Conta Poup";3698.407246
1254;823;"Conta Corr";675.5136953
1255;823;"Conta Poup";4174.973703
1256;824;"Conta Corr";15372.43891
1257;825;"Conta Corr";9931.241096
1258;825;"Conta Poup";5036.580704
1259;826;"Conta Corr";11678.44065
1260;827;"Conta Corr";9843.458638
1261;827;"Conta Poup";1769.129319
1262;828;"Conta Corr";13226.83702
1263;829;"Conta Corr";7147.778802
1264;830;"Conta Poup";8641.425852
1265;831;"Conta Corr";726.6424223
1266;831;"Conta Poup";214.1249055
1267;832;"Conta Corr";7148.922549
1268;832;"Conta Poup";9637.59157
1269;833;"Conta Corr";1211.254527
1270;833;"Conta Poup";9640.172615
1271;834;"Conta Corr";5578.856185
1272;834;"Conta Poup";2101.147314
1273;835;"Conta Corr";8914.886234
1274;835;"Conta Poup";9047.594626
1275;836;"Conta Corr";9525.083374
1276;837;"Conta Corr";11999.68396
1277;838;"Conta Corr";10307.19333
1278;839;"Conta Poup";8655.483275
1279;840;"Conta Poup";16278.10598
1280;841;"Conta Corr";2986.729345
1281;841;"Conta Poup";5573.093234
1282;842;"Conta Corr";7642.603535
1283;842;"Conta Poup";8492.722017
1284;843;"Conta Corr";541.1182589
1285;843;"Conta Poup";6867.817483
1286;844;"Conta Poup";8989.375585
1287;845;"Conta Poup";7887.086143
1288;846;"Conta Corr";8569.814405
1289;846;"Conta Poup";5385.646106
1290;847;"Conta Poup";6334.334496
1291;848;"Conta Poup";5847.841457
1292;849;"Conta Corr";6142.839415
1293;849;"Conta Poup";5208.033195
1294;850;"Conta Corr";9076.866466
1295;850;"Conta Poup";3874.102655
1296;851;"Conta Corr";3134.909115
1297;851;"Conta Poup";2728.169119
1298;852;"Conta Corr";9389.474489
1299;852;"Conta Poup";2632.240092
1300;853;"Conta Poup";10556.34186
1301;854;"Conta Poup";7492.52057
1302;855;"Conta Poup";6915.735452
1303;856;"Conta Corr";2026.854863
1304;856;"Conta Poup";4788.564642
1305;857;"Conta Corr";8873.985983
1306;857;"Conta Poup";7151.334273
1307;858;"Conta Corr";6482.871912
1308;859;"Conta Corr";10741.15931
1309;860;"Conta Corr";6254.336306
1310;860;"Conta Poup";1087.81812
1311;861;"Conta Poup";13149.67746
1312;862;"Conta Poup";5824.37146
1313;863;"Conta Corr";6671.406963
1314;863;"Conta Poup";3155.883939
1315;864;"Conta Corr";797.5164909
1316;864;"Conta Poup";4163.229878
1317;865;"Conta Corr";2547.616089
1318;865;"Conta Poup";840.7525133
1319;866;"Conta Corr";2884.233436
1320;866;"Conta Poup";3561.55179
1321;867;"Conta Corr";9550.209646
1322;868;"Conta Corr";1357.297418
1323;868;"Conta Poup";3775.379792
1324;869;"Conta Corr";1793.726687
1325;869;"Conta Poup";4859.700928
1326;870;"Conta Corr";7788.473761
1327;870;"Conta Poup";8829.712522
1328;871;"Conta Corr";8316.224764
1329;871;"Conta Poup";324.4615463
1330;872;"Conta Corr";1523.436518
1331;872;"Conta Poup";4882.960123
1332;873;"Conta Corr";9619.94024
1333;873;"Conta Poup";6922.41584
1334;874;"Conta Corr";6807.992542
1335;874;"Conta Poup";3617.922926
1336;875;"Conta Corr";4414.166426
1337;875;"Conta Poup";9849.03231
1338;876;"Conta Corr";9961.595829
1339;876;"Conta Poup";7109.057483
1340;877;"Conta Corr";14712.74473
1341;878;"Conta Corr";1474.375866
1342;878;"Conta Poup";9022.476938
1343;879;"Conta Corr";11549.00797
1344;880;"Conta Corr";7570.115143
1345;881;"Conta Corr";310.5506811
1346;881;"Conta Poup";5288.564794
1347;882;"Conta Corr";6740.715685
1348;882;"Conta Poup";574.2672333
1349;883;"Conta Poup";8697.136545
1350;884;"Conta Corr";6694.8622
1351;884;"Conta Poup";3764.239704
1352;885;"Conta Corr";255.0973131
1353;885;"Conta Poup";3353.698254
1354;886;"Conta Corr";7451.675801
1355;886;"Conta Poup";3240.457976
1356;887;"Conta Poup";9798.645285
1357;888;"Conta Poup";10153.86673
1358;889;"Conta Poup";5718.271493
1359;890;"Conta Corr";7720.707423
1360;890;"Conta Poup";589.9232313
1361;891;"Conta Corr";7704.434325
1362;891;"Conta Poup";6108.361272
1363;892;"Conta Poup";5857.479999
1364;893;"Conta Corr";8083.765825
1365;893;"Conta Poup";9287.140975
1366;894;"Conta Corr";1600.888836
1367;894;"Conta Poup";2797.348887
1368;895;"Conta Poup";10248.75266
1369;896;"Conta Corr";4858.457158
1370;897;"Conta Poup";2831.159575
1371;898;"Conta Corr";12881.0552
1372;899;"Conta Corr";8693.352477
1373;900;"Conta Corr";8064.798158
1374;900;"Conta Poup";7649.263715
1375;901;"Conta Poup";14641.27814
1376;902;"Conta Poup";9551.498178
1377;903;"Conta Corr";5465.378668
1378;903;"Conta Poup";3193.409775
1379;904;"Conta Poup";16231.24281
1380;905;"Conta Corr";2738.828623
1381;905;"Conta Poup";6520.748039
1382;906;"Conta Corr";9585.800259
1383;906;"Conta Poup";9157.939909
1384;907;"Conta Corr";15059.37806
1385;908;"Conta Corr";11398.47266
1386;909;"Conta Corr";9945.662558
1387;909;"Conta Poup";8903.088129
1388;910;"Conta Corr";12945.37948
1389;911;"Conta Poup";6932.860128
1390;912;"Conta Poup";12795.12395
1391;913;"Conta Corr";2066.238711
1392;913;"Conta Poup";5276.641549
1393;914;"Conta Corr";10897.10672
1394;915;"Conta Corr";216.9334699
1395;915;"Conta Poup";4830.287419
1396;916;"Conta Poup";17968.63155
1397;917;"Conta Corr";3254.673092
1398;918;"Conta Corr";6534.685003
1399;918;"Conta Poup";4845.175607
1400;919;"Conta Poup";11953.21788
1401;920;"Conta Corr";8407.50745
1402;920;"Conta Poup";190.0405917
1403;921;"Conta Corr";6916.955293
1404;921;"Conta Poup";9113.23302
1405;922;"Conta Corr";4994.171823
1406;922;"Conta Poup";7149.486815
1407;923;"Conta Corr";4772.894056
1408;923;"Conta Poup";2925.335902
1409;924;"Conta Corr";6523.285235
1410;924;"Conta Poup";372.9841302
1411;925;"Conta Corr";5519.038913
1412;925;"Conta Poup";3101.112886
1413;926;"Conta Corr";13903.0378
1414;927;"Conta Corr";2571.103487
1415;927;"Conta Poup";4651.737882
1416;928;"Conta Poup";11135.7924
1417;929;"Conta Corr";8011.733788
1418;929;"Conta Poup";539.9089428
1419;930;"Conta Corr";2277.215476
1420;931;"Conta Corr";3412.695442
1421;931;"Conta Poup";7345.287948
1422;932;"Conta Corr";1066.801112
1423;932;"Conta Poup";659.6904165
1424;933;"Conta Corr";3745.835809
1425;933;"Conta Poup";1825.078391
1426;934;"Conta Poup";920.0291121
1427;935;"Conta Poup";7780.98519
1428;936;"Conta Corr";8044.680429
1429;936;"Conta Poup";9467.046336
1430;937;"Conta Corr";1241.367186
1431;937;"Conta Poup";6327.031839
1432;938;"Conta Corr";7884.629907
1433;938;"Conta Poup";4408.776211
1434;939;"Conta Poup";13789.25432
1435;940;"Conta Poup";15494.92684
1436;941;"Conta Corr";5909.492533
1437;941;"Conta Poup";8667.281033
1438;942;"Conta Corr";4207.42816
1439;943;"Conta Corr";7305.627761
1440;943;"Conta Poup";9999.854762
1441;944;"Conta Corr";4907.064349
1442;944;"Conta Poup";6836.417357
1443;945;"Conta Corr";7505.762752
1444;946;"Conta Corr";6751.84215
1445;946;"Conta Poup";7094.347032
1446;947;"Conta Poup";9455.406885
1447;948;"Conta Corr";5414.721499
1448;948;"Conta Poup";9247.267897
1449;949;"Conta Poup";6253.647109
1450;950;"Conta Corr";8036.114533
1451;951;"Conta Corr";7058.197067
1452;951;"Conta Poup";4201.03156
1453;952;"Conta Corr";14272.89957
1454;953;"Conta Corr";13467.78294
1455;954;"Conta Corr";12309.20517
1456;955;"Conta Corr";11845.46757
1457;956;"Conta Corr";7431.744912
1458;956;"Conta Poup";1501.003733
1459;957;"Conta Corr";6197.045327
1460;957;"Conta Poup";2274.103331
1461;958;"Conta Corr";6076.69028
1462;959;"Conta Corr";3367.787235
1463;960;"Conta Poup";8382.471113
1464;961;"Conta Poup";9717.115881
1465;962;"Conta Corr";1854.154607
1466;962;"Conta Poup";3900.363024
1467;963;"Conta Corr";18345.5783
1468;964;"Conta Corr";5923.623858
1469;965;"Conta Poup";11027.48095
1470;966;"Conta Corr";3982.356113
1471;966;"Conta Poup";4285.784129
1472;967;"Conta Corr";6147.62521
1473;967;"Conta Poup";780.158945
1474;968;"Conta Corr";4660.058577
1475;969;"Conta Corr";17939.26541
1476;970;"Conta Corr";6165.182132
1477;971;"Conta Corr";1194.342358
1478;971;"Conta Poup";1509.606809
1479;972;"Conta Poup";6181.601976
1480;973;"Conta Corr";5040.503635
1481;973;"Conta Poup";9324.225497
1482;974;"Conta Corr";2211.457642
1483;974;"Conta Poup";5127.967189
1484;975;"Conta Corr";6913.905314
1485;976;"Conta Corr";8989.437714
1486;976;"Conta Poup";4203.221375
1487;977;"Conta Corr";8118.975336
1488;978;"Conta Corr";17488.50808
1489;979;"Conta Corr";9820.200532
1490;980;"Conta Poup";12695.17927
1491;981;"Conta Corr";5223.533546
1492;981;"Conta Poup";9886.890157
1493;982;"Conta Poup";9973.731184
1494;983;"Conta Corr";4571.913927
1495;983;"Conta Poup";4511.481998
1496;984;"Conta Poup";9615.339226
1497;985;"Conta Poup";11954.23327
1498;986;"Conta Corr";9245.928137
1499;986;"Conta Poup";5100.44525
1500;987;"Conta Corr";5421.046379
1501;987;"Conta Poup";4439.278801
1502;988;"Conta Corr";4018.363676
1503;988;"Conta Poup";3013.510152
1504;989;"Conta Poup";8657.396669
1505;990;"Conta Poup";10168.3117
1506;991;"Conta Poup";12058.53987
1507;992;"Conta Poup";11078.98829
1508;993;"Conta Poup";6311.097412
1509;994;"Conta Corr";2974.513203
1510;994;"Conta Poup";4422.510463
1511;995;"Conta Corr";18375.52382
1512;996;"Conta Corr";8027.121172
1513;996;"Conta Poup";1406.431562
1514;997;"Conta Corr";6060.688837
1515;998;"Conta Corr";1142.599227
1516;998;"Conta Poup";6546.516645
1517;999;"Conta Corr";7399.025858
1518;999;"Conta Poup";8839.886595
